date,type,month
2026-05-07 22:09:09,comment,2026-05
2026-05-07 22:07:46,comment,2026-05
2026-05-06 18:27:13,comment,2026-05
2026-05-06 18:26:15,comment,2026-05
2026-05-05 09:37:37,comment,2026-05
2026-05-04 00:34:03,comment,2026-05
2026-05-03 08:18:05,comment,2026-05
2026-05-02 17:24:42,comment,2026-05
2026-05-02 15:42:40,comment,2026-05
2026-05-02 10:31:56,comment,2026-05
2026-05-01 19:57:40,comment,2026-05
2026-05-01 18:31:39,comment,2026-05
2026-05-01 17:43:13,comment,2026-05
2026-05-01 17:22:11,comment,2026-05
2026-05-01 16:38:45,comment,2026-05
2026-05-01 15:50:54,comment,2026-05
2026-05-01 15:40:37,comment,2026-05
2026-05-01 15:20:37,comment,2026-05
2026-05-01 14:52:36,comment,2026-05
2026-05-01 14:29:37,comment,2026-05
2026-05-01 14:29:13,comment,2026-05
2026-05-01 14:28:59,comment,2026-05
2026-05-01 13:42:31,comment,2026-05
2026-05-01 13:30:46,comment,2026-05
2026-05-01 13:08:52,comment,2026-05
2026-05-01 13:07:26,comment,2026-05
2026-05-01 13:06:36,comment,2026-05
2026-05-01 13:02:33,comment,2026-05
2026-05-01 13:02:04,comment,2026-05
2026-05-01 12:47:54,comment,2026-05
2026-05-01 12:47:40,comment,2026-05
2026-05-01 12:47:34,comment,2026-05
2026-04-30 10:22:27,comment,2026-04
2026-04-27 11:53:57,comment,2026-04
2026-04-26 21:43:18,comment,2026-04
2026-04-26 15:43:36,comment,2026-04
2026-04-26 12:06:04,comment,2026-04
2026-04-25 21:27:57,comment,2026-04
2026-04-25 17:21:00,comment,2026-04
2026-04-25 16:03:42,comment,2026-04
2026-04-24 15:15:47,comment,2026-04
2026-04-24 15:15:07,comment,2026-04
2026-04-24 15:14:59,comment,2026-04
2026-04-23 09:43:15,comment,2026-04
2026-04-23 09:41:33,comment,2026-04
2026-04-22 09:28:52,comment,2026-04
2026-04-21 12:28:40,comment,2026-04
2026-04-21 09:19:55,comment,2026-04
2026-04-20 13:05:20,comment,2026-04
2026-04-17 15:10:39,comment,2026-04
2026-04-15 16:34:02,comment,2026-04
2026-04-13 21:33:44,comment,2026-04
2026-04-13 18:42:39,comment,2026-04
2026-04-13 15:34:58,comment,2026-04
2026-04-11 14:59:47,comment,2026-04
2026-04-11 11:57:35,comment,2026-04
2026-04-11 02:52:10,comment,2026-04
2026-04-11 02:23:27,comment,2026-04
2026-04-10 21:58:09,comment,2026-04
2026-04-10 19:53:54,comment,2026-04
2026-04-10 18:22:25,comment,2026-04
2026-04-10 18:13:07,comment,2026-04
2026-04-10 18:12:23,comment,2026-04
2026-04-10 17:52:55,comment,2026-04
2026-04-10 16:34:49,comment,2026-04
2026-04-10 15:21:53,comment,2026-04
2026-04-10 15:12:24,comment,2026-04
2026-04-10 14:47:18,comment,2026-04
2026-04-10 14:47:11,comment,2026-04
2026-04-10 14:41:05,comment,2026-04
2026-04-10 13:30:08,comment,2026-04
2026-04-10 12:47:50,comment,2026-04
2026-04-10 12:47:17,comment,2026-04
2026-04-10 11:54:22,comment,2026-04
2026-04-10 11:54:14,comment,2026-04
2026-04-10 11:29:48,comment,2026-04
2026-04-10 11:12:06,comment,2026-04
2026-04-10 10:21:37,comment,2026-04
2026-04-10 09:56:34,comment,2026-04
2026-04-10 09:47:36,comment,2026-04
2026-04-10 09:36:55,comment,2026-04
2026-04-08 23:45:59,comment,2026-04
2026-04-07 14:20:43,comment,2026-04
2026-04-06 23:18:59,comment,2026-04
2026-04-06 23:18:30,comment,2026-04
2026-04-06 20:52:21,comment,2026-04
2026-04-05 15:22:23,comment,2026-04
2026-04-03 19:26:12,comment,2026-04
2026-04-01 15:16:53,comment,2026-04
2026-04-01 13:40:59,comment,2026-04
2026-04-01 10:12:12,comment,2026-04
2026-04-01 10:02:18,comment,2026-04
2026-03-31 21:54:41,comment,2026-03
2026-03-31 21:49:53,comment,2026-03
2026-03-31 21:49:15,comment,2026-03
2026-03-31 20:17:26,comment,2026-03
2026-03-31 18:26:23,comment,2026-03
2026-03-31 16:30:46,comment,2026-03
2026-03-31 15:21:17,comment,2026-03
2026-03-31 13:20:15,comment,2026-03
2026-03-31 11:34:57,comment,2026-03
2026-03-31 11:32:29,comment,2026-03
2026-03-31 11:31:27,comment,2026-03
2026-03-31 11:15:32,comment,2026-03
2026-03-31 11:05:24,comment,2026-03
2026-03-31 10:47:42,comment,2026-03
2026-03-31 09:20:23,comment,2026-03
2026-03-31 07:12:11,comment,2026-03
2026-03-31 06:37:38,comment,2026-03
2026-03-31 06:37:23,comment,2026-03
2026-03-30 23:41:54,comment,2026-03
2026-03-30 23:37:05,comment,2026-03
2026-03-30 22:39:50,comment,2026-03
2026-03-30 22:39:26,comment,2026-03
2026-03-30 21:50:40,comment,2026-03
2026-03-30 07:59:33,comment,2026-03
2026-03-30 06:48:11,comment,2026-03
2026-03-30 06:47:48,comment,2026-03
2026-03-29 15:18:33,comment,2026-03
2026-03-29 09:58:37,comment,2026-03
2026-03-28 23:05:08,comment,2026-03
2026-03-28 21:31:48,comment,2026-03
2026-03-28 20:05:14,comment,2026-03
2026-03-27 07:53:45,comment,2026-03
2026-03-27 06:35:09,comment,2026-03
2026-03-27 06:32:07,comment,2026-03
2026-03-26 20:55:49,comment,2026-03
2026-03-26 19:26:43,comment,2026-03
2026-03-26 19:26:32,comment,2026-03
2026-03-26 19:26:02,comment,2026-03
2026-03-26 15:16:39,comment,2026-03
2026-03-26 15:16:13,comment,2026-03
2026-03-26 14:18:45,comment,2026-03
2026-03-26 13:19:40,comment,2026-03
2026-03-26 12:38:36,comment,2026-03
2026-03-26 12:29:00,comment,2026-03
2026-03-26 12:28:52,comment,2026-03
2026-03-26 00:38:30,comment,2026-03
2026-03-25 17:54:09,comment,2026-03
2026-03-25 12:35:52,comment,2026-03
2026-03-25 10:27:22,comment,2026-03
2026-03-25 10:26:53,comment,2026-03
2026-03-25 01:34:54,comment,2026-03
2026-03-25 01:32:48,comment,2026-03
2026-03-25 00:58:57,comment,2026-03
2026-03-25 00:54:49,comment,2026-03
2026-03-25 00:53:59,comment,2026-03
2026-03-25 00:53:47,comment,2026-03
2026-03-25 00:53:12,comment,2026-03
2026-03-24 23:04:56,comment,2026-03
2026-03-24 21:57:37,comment,2026-03
2026-03-24 21:51:22,comment,2026-03
2026-03-24 21:39:46,comment,2026-03
2026-03-24 21:36:40,comment,2026-03
2026-03-24 21:35:44,comment,2026-03
2026-03-24 21:34:44,comment,2026-03
2026-03-24 21:15:34,comment,2026-03
2026-03-24 21:14:56,comment,2026-03
2026-03-24 21:10:49,comment,2026-03
2026-03-24 21:10:29,comment,2026-03
2026-03-24 20:33:15,comment,2026-03
2026-03-24 19:26:50,comment,2026-03
2026-03-24 12:48:32,comment,2026-03
2026-03-24 12:48:25,comment,2026-03
2026-03-24 10:51:55,comment,2026-03
2026-03-24 09:01:14,comment,2026-03
2026-03-24 09:00:57,comment,2026-03
2026-03-24 00:15:02,comment,2026-03
2026-03-24 00:14:03,comment,2026-03
2026-03-24 00:13:57,comment,2026-03
2026-03-23 23:24:07,comment,2026-03
2026-03-23 22:53:22,comment,2026-03
2026-03-23 22:51:58,comment,2026-03
2026-03-23 22:33:46,comment,2026-03
2026-03-23 22:33:31,comment,2026-03
2026-03-23 22:33:23,comment,2026-03
2026-03-23 21:44:35,comment,2026-03
2026-03-23 21:42:32,comment,2026-03
2026-03-23 21:15:52,comment,2026-03
2026-03-23 20:57:24,comment,2026-03
2026-03-23 20:35:37,comment,2026-03
2026-03-23 20:35:04,comment,2026-03
2026-03-23 19:44:15,comment,2026-03
2026-03-23 19:21:22,comment,2026-03
2026-03-23 19:00:52,comment,2026-03
2026-03-23 18:59:57,comment,2026-03
2026-03-23 17:48:22,comment,2026-03
2026-03-23 17:47:56,comment,2026-03
2026-03-23 17:47:42,comment,2026-03
2026-03-23 17:45:30,comment,2026-03
2026-03-23 17:45:20,comment,2026-03
2026-03-23 17:45:05,comment,2026-03
2026-03-23 15:48:20,comment,2026-03
2026-03-23 15:41:51,comment,2026-03
2026-03-23 15:30:57,comment,2026-03
2026-03-23 15:30:51,comment,2026-03
2026-03-23 15:30:16,comment,2026-03
2026-03-23 15:26:46,comment,2026-03
2026-03-23 13:06:11,comment,2026-03
2026-03-23 11:49:18,comment,2026-03
2026-03-22 20:49:52,comment,2026-03
2026-03-22 17:09:18,comment,2026-03
2026-03-22 00:18:18,comment,2026-03
2026-03-21 22:17:10,comment,2026-03
2026-03-21 14:22:14,comment,2026-03
2026-03-21 13:54:19,comment,2026-03
2026-03-21 13:19:34,comment,2026-03
2026-03-21 12:28:04,comment,2026-03
2026-03-21 12:27:40,comment,2026-03
2026-03-21 11:31:52,comment,2026-03
2026-03-21 10:38:44,comment,2026-03
2026-03-21 10:37:55,comment,2026-03
2026-03-21 06:02:45,comment,2026-03
2026-03-21 06:02:07,comment,2026-03
2026-03-21 00:17:34,comment,2026-03
2026-03-20 23:44:54,comment,2026-03
2026-03-20 23:44:38,comment,2026-03
2026-03-20 23:44:22,comment,2026-03
2026-03-20 23:11:18,comment,2026-03
2026-03-20 23:00:47,comment,2026-03
2026-03-20 23:00:21,comment,2026-03
2026-03-20 22:42:50,comment,2026-03
2026-03-20 22:42:41,comment,2026-03
2026-03-20 22:42:30,comment,2026-03
2026-03-20 22:42:23,comment,2026-03
2026-03-20 22:42:01,comment,2026-03
2026-03-20 12:06:43,comment,2026-03
2026-03-18 12:52:38,comment,2026-03
2026-03-18 02:59:31,comment,2026-03
2026-03-18 01:04:21,comment,2026-03
2026-03-18 01:03:54,comment,2026-03
2026-03-18 01:03:42,comment,2026-03
2026-03-17 21:27:09,comment,2026-03
2026-03-17 21:26:57,comment,2026-03
2026-03-17 20:55:28,comment,2026-03
2026-03-17 20:55:19,comment,2026-03
2026-03-17 20:55:12,comment,2026-03
2026-03-15 18:37:17,comment,2026-03
2026-03-15 13:31:00,comment,2026-03
2026-03-14 12:41:12,comment,2026-03
2026-03-14 12:38:51,comment,2026-03
2026-03-13 14:56:48,comment,2026-03
2026-03-12 06:10:50,comment,2026-03
2026-03-11 20:13:15,comment,2026-03
2026-03-11 11:52:42,comment,2026-03
2026-03-11 06:18:01,comment,2026-03
2026-03-11 00:05:27,comment,2026-03
2026-03-10 22:34:28,comment,2026-03
2026-03-10 22:34:07,comment,2026-03
2026-03-10 21:52:28,comment,2026-03
2026-03-10 21:51:57,comment,2026-03
2026-03-10 13:49:12,comment,2026-03
2026-03-10 12:35:11,comment,2026-03
2026-03-10 12:34:37,comment,2026-03
2026-03-10 06:11:10,comment,2026-03
2026-03-10 06:09:53,comment,2026-03
2026-03-10 01:51:00,comment,2026-03
2026-03-10 00:44:13,comment,2026-03
2026-03-10 00:24:03,comment,2026-03
2026-03-09 23:46:52,comment,2026-03
2026-03-09 23:24:01,comment,2026-03
2026-03-09 23:23:48,comment,2026-03
2026-03-09 22:46:18,comment,2026-03
2026-03-09 22:46:18,comment,2026-03
2026-03-09 22:33:57,comment,2026-03
2026-03-09 22:33:51,comment,2026-03
2026-03-09 21:59:04,comment,2026-03
2026-03-09 06:30:43,comment,2026-03
2026-03-06 22:53:50,comment,2026-03
2026-03-05 06:11:23,comment,2026-03
2026-03-05 06:10:58,comment,2026-03
2026-03-05 06:10:28,comment,2026-03
2026-03-05 00:16:39,comment,2026-03
2026-03-05 00:14:45,comment,2026-03
2026-03-04 19:09:58,comment,2026-03
2026-03-04 19:06:42,comment,2026-03
2026-03-04 16:54:21,comment,2026-03
2026-03-04 15:38:47,comment,2026-03
2026-03-04 11:47:31,comment,2026-03
2026-03-04 11:47:09,comment,2026-03
2026-03-04 07:10:05,comment,2026-03
2026-03-04 06:21:30,comment,2026-03
2026-03-04 06:21:07,comment,2026-03
2026-03-04 06:06:03,comment,2026-03
2026-03-04 06:05:20,comment,2026-03
2026-03-04 06:04:25,comment,2026-03
2026-03-04 06:04:13,comment,2026-03
2026-03-04 01:49:03,comment,2026-03
2026-03-04 01:16:35,comment,2026-03
2026-03-04 00:35:22,comment,2026-03
2026-03-04 00:35:14,comment,2026-03
2026-03-04 00:00:15,comment,2026-03
2026-03-03 23:34:37,comment,2026-03
2026-03-03 23:32:58,comment,2026-03
2026-03-03 23:19:34,comment,2026-03
2026-03-03 23:08:50,comment,2026-03
2026-03-03 23:05:40,comment,2026-03
2026-03-03 22:53:14,comment,2026-03
2026-03-03 22:47:37,comment,2026-03
2026-03-03 22:44:08,comment,2026-03
2026-03-03 22:42:54,comment,2026-03
2026-03-03 22:42:19,comment,2026-03
2026-03-03 22:39:27,comment,2026-03
2026-03-03 22:38:58,comment,2026-03
2026-03-03 22:38:53,comment,2026-03
2026-03-03 22:37:11,comment,2026-03
2026-03-03 15:53:38,comment,2026-03
2026-03-01 16:34:22,comment,2026-03
2026-02-26 17:56:24,comment,2026-02
2026-02-26 16:42:51,comment,2026-02
2026-02-26 14:57:57,comment,2026-02
2026-02-26 09:35:12,comment,2026-02
2026-02-26 01:34:29,comment,2026-02
2026-02-26 01:00:07,comment,2026-02
2026-02-26 00:34:33,comment,2026-02
2026-02-26 00:34:08,comment,2026-02
2026-02-26 00:34:02,comment,2026-02
2026-02-26 00:32:22,comment,2026-02
2026-02-26 00:32:02,comment,2026-02
2026-02-25 22:32:56,comment,2026-02
2026-02-25 21:53:26,comment,2026-02
2026-02-25 21:30:29,comment,2026-02
2026-02-25 21:30:18,comment,2026-02
2026-02-25 21:15:22,comment,2026-02
2026-02-25 21:14:45,comment,2026-02
2026-02-25 20:19:25,comment,2026-02
2026-02-25 20:13:52,comment,2026-02
2026-02-25 20:13:46,comment,2026-02
2026-02-25 19:23:51,comment,2026-02
2026-02-23 21:03:50,comment,2026-02
2026-02-23 20:10:58,comment,2026-02
2026-02-23 17:45:51,comment,2026-02
2026-02-23 00:43:54,comment,2026-02
2026-02-22 22:27:41,comment,2026-02
2026-02-22 15:07:06,comment,2026-02
2026-02-21 16:18:35,comment,2026-02
2026-02-21 16:14:28,comment,2026-02
2026-02-21 12:40:02,comment,2026-02
2026-02-21 06:05:35,comment,2026-02
2026-02-21 01:16:27,comment,2026-02
2026-02-21 01:14:14,comment,2026-02
2026-02-21 00:23:21,comment,2026-02
2026-02-21 00:07:07,comment,2026-02
2026-02-20 23:08:31,comment,2026-02
2026-02-20 23:07:01,comment,2026-02
2026-02-20 22:54:58,comment,2026-02
2026-02-20 22:54:51,comment,2026-02
2026-02-20 06:16:33,comment,2026-02
2026-02-20 00:07:40,comment,2026-02
2026-02-19 21:36:34,comment,2026-02
2026-02-19 20:08:29,comment,2026-02
2026-02-19 20:07:58,comment,2026-02
2026-02-19 17:33:24,comment,2026-02
2026-02-19 13:19:02,comment,2026-02
2026-02-19 11:24:54,comment,2026-02
2026-02-19 11:02:43,comment,2026-02
2026-02-19 09:24:19,comment,2026-02
2026-02-19 09:24:08,comment,2026-02
2026-02-19 07:49:22,comment,2026-02
2026-02-19 07:21:21,comment,2026-02
2026-02-19 07:21:13,comment,2026-02
2026-02-19 07:14:24,comment,2026-02
2026-02-19 06:58:14,comment,2026-02
2026-02-19 06:58:03,comment,2026-02
2026-02-19 06:57:27,comment,2026-02
2026-02-19 06:57:14,comment,2026-02
2026-02-19 06:27:43,comment,2026-02
2026-02-18 09:51:56,comment,2026-02
2026-02-17 19:28:17,comment,2026-02
2026-02-17 17:22:05,comment,2026-02
2026-02-17 13:19:16,comment,2026-02
2026-02-17 11:57:54,comment,2026-02
2026-02-17 09:55:38,comment,2026-02
2026-02-17 06:54:48,comment,2026-02
2026-02-17 02:12:26,comment,2026-02
2026-02-16 23:31:07,comment,2026-02
2026-02-16 23:29:30,comment,2026-02
2026-02-16 23:26:21,comment,2026-02
2026-02-16 23:08:16,comment,2026-02
2026-02-16 23:07:04,comment,2026-02
2026-02-16 23:06:47,comment,2026-02
2026-02-16 22:46:46,comment,2026-02
2026-02-16 22:46:19,comment,2026-02
2026-02-16 22:37:16,comment,2026-02
2026-02-15 20:04:22,comment,2026-02
2026-02-15 19:51:38,comment,2026-02
2026-02-15 06:53:52,comment,2026-02
2026-02-14 23:06:49,comment,2026-02
2026-02-14 22:45:29,comment,2026-02
2026-02-13 22:34:04,comment,2026-02
2026-02-13 07:43:12,comment,2026-02
2026-02-13 07:25:52,comment,2026-02
2026-02-12 23:47:48,comment,2026-02
2026-02-12 22:45:24,comment,2026-02
2026-02-12 20:39:43,comment,2026-02
2026-02-12 17:45:47,comment,2026-02
2026-02-12 17:36:27,comment,2026-02
2026-02-12 16:34:42,comment,2026-02
2026-02-12 16:34:23,comment,2026-02
2026-02-12 15:52:36,comment,2026-02
2026-02-12 15:41:20,comment,2026-02
2026-02-12 15:37:44,comment,2026-02
2026-02-12 10:48:16,comment,2026-02
2026-02-11 15:05:25,comment,2026-02
2026-02-10 18:18:35,comment,2026-02
2026-02-10 15:58:16,comment,2026-02
2026-01-30 02:07:20,comment,2026-01
2026-01-29 16:56:44,comment,2026-01
2026-01-29 16:55:53,comment,2026-01
2026-01-29 15:27:04,comment,2026-01
2026-01-29 15:13:43,comment,2026-01
2026-01-29 15:12:07,comment,2026-01
2026-01-29 15:02:19,comment,2026-01
2026-01-29 14:44:08,comment,2026-01
2026-01-29 14:43:00,comment,2026-01
2026-01-29 14:12:19,comment,2026-01
2026-01-29 13:58:50,comment,2026-01
2026-01-24 20:32:04,comment,2026-01
2026-01-24 20:31:46,comment,2026-01
2026-01-24 00:48:04,comment,2026-01
2026-01-24 00:15:29,comment,2026-01
2026-01-23 23:18:05,comment,2026-01
2026-01-23 23:17:52,comment,2026-01
2026-01-23 23:17:42,comment,2026-01
2026-01-23 22:35:58,comment,2026-01
2026-01-23 22:17:19,comment,2026-01
2026-01-23 22:15:52,comment,2026-01
2026-01-23 22:13:57,comment,2026-01
2026-01-23 22:12:36,comment,2026-01
2026-01-23 21:40:11,comment,2026-01
2026-01-23 21:39:09,comment,2026-01
2026-01-23 21:35:10,comment,2026-01
2026-01-23 21:34:58,comment,2026-01
2026-01-22 15:30:15,comment,2026-01
2026-01-22 12:28:03,comment,2026-01
2026-01-21 23:25:03,comment,2026-01
2026-01-21 21:28:58,comment,2026-01
2026-01-21 19:21:49,comment,2026-01
2026-01-21 19:20:27,comment,2026-01
2026-01-21 18:41:20,comment,2026-01
2026-01-21 18:41:08,comment,2026-01
2026-01-21 18:40:55,comment,2026-01
2026-01-21 15:00:05,comment,2026-01
2026-01-21 14:53:56,comment,2026-01
2026-01-21 14:48:09,comment,2026-01
2026-01-21 14:09:59,comment,2026-01
2026-01-21 14:09:43,comment,2026-01
2026-01-21 14:09:14,comment,2026-01
2026-01-21 14:08:49,comment,2026-01
2026-01-21 13:38:30,comment,2026-01
2026-01-21 13:20:37,comment,2026-01
2026-01-21 13:20:30,comment,2026-01
2026-01-21 13:20:25,comment,2026-01
2026-01-19 21:52:57,comment,2026-01
2026-01-19 19:01:12,comment,2026-01
2026-01-19 19:01:06,comment,2026-01
2026-01-19 16:41:16,comment,2026-01
2026-01-18 17:08:44,comment,2026-01
2026-01-18 14:25:24,comment,2026-01
2026-01-17 21:56:05,comment,2026-01
2026-01-17 21:55:19,comment,2026-01
2026-01-17 19:37:54,comment,2026-01
2026-01-17 18:02:24,comment,2026-01
2026-01-17 16:56:26,comment,2026-01
2026-01-17 15:23:07,comment,2026-01
2026-01-17 13:34:47,comment,2026-01
2026-01-17 11:49:51,comment,2026-01
2026-01-17 11:49:24,comment,2026-01
2026-01-17 11:36:19,comment,2026-01
2026-01-17 01:17:18,comment,2026-01
2026-01-17 00:28:41,comment,2026-01
2026-01-16 23:32:22,comment,2026-01
2026-01-16 23:29:42,comment,2026-01
2026-01-16 23:27:27,comment,2026-01
2026-01-16 23:27:21,comment,2026-01
2026-01-16 23:25:03,comment,2026-01
2026-01-16 23:04:38,comment,2026-01
2026-01-16 22:49:27,comment,2026-01
2026-01-16 22:48:13,comment,2026-01
2026-01-16 22:46:35,comment,2026-01
2026-01-16 22:44:08,comment,2026-01
2026-01-16 22:43:56,comment,2026-01
2026-01-16 22:25:40,comment,2026-01
2026-01-16 22:25:22,comment,2026-01
2026-01-16 22:24:29,comment,2026-01
2026-01-16 22:24:12,comment,2026-01
2026-01-15 14:10:43,comment,2026-01
2026-01-15 10:43:38,comment,2026-01
2026-01-15 06:24:13,comment,2026-01
2026-01-15 06:23:35,comment,2026-01
2026-01-15 00:33:19,comment,2026-01
2026-01-14 22:49:50,comment,2026-01
2026-01-14 13:40:38,comment,2026-01
2026-01-14 09:55:57,comment,2026-01
2026-01-14 02:15:19,comment,2026-01
2026-01-13 19:28:04,comment,2026-01
2026-01-13 13:46:23,comment,2026-01
2026-01-13 12:30:04,comment,2026-01
2026-01-12 19:29:42,comment,2026-01
2026-01-12 15:41:20,comment,2026-01
2026-01-12 14:29:20,comment,2026-01
2026-01-12 12:27:24,comment,2026-01
2026-01-12 11:37:33,comment,2026-01
2026-01-12 11:37:14,comment,2026-01
2026-01-12 10:50:25,comment,2026-01
2026-01-12 10:50:15,comment,2026-01
2026-01-12 06:49:21,comment,2026-01
2026-01-12 06:48:06,comment,2026-01
2026-01-12 00:18:55,comment,2026-01
2026-01-11 23:27:56,comment,2026-01
2026-01-11 23:27:31,comment,2026-01
2026-01-11 23:09:40,comment,2026-01
2026-01-11 23:09:11,comment,2026-01
2026-01-11 22:58:19,comment,2026-01
2026-01-11 22:52:05,comment,2026-01
2026-01-11 22:51:55,comment,2026-01
2026-01-11 22:51:22,comment,2026-01
2026-01-11 22:51:08,comment,2026-01
2026-01-10 22:25:32,comment,2026-01
2026-01-10 22:25:21,comment,2026-01
2026-01-09 08:37:28,comment,2026-01
2026-01-08 16:22:00,comment,2026-01
2026-01-07 15:40:25,comment,2026-01
2026-01-07 15:27:26,comment,2026-01
2026-01-05 00:23:23,comment,2026-01
2026-01-04 16:58:24,comment,2026-01
2026-01-03 11:13:46,comment,2026-01
2026-01-03 01:23:10,comment,2026-01
2026-01-02 06:54:46,comment,2026-01
2026-01-01 22:26:05,comment,2026-01
2026-01-01 22:25:58,comment,2026-01
2026-01-01 15:47:54,comment,2026-01
2026-01-01 14:50:27,comment,2026-01
2026-01-01 11:56:28,comment,2026-01
2026-01-01 11:55:56,comment,2026-01
2026-01-01 07:02:42,comment,2026-01
2026-01-01 00:22:32,comment,2026-01
2025-12-31 21:49:51,comment,2025-12
2025-12-31 21:30:22,comment,2025-12
2025-12-31 21:30:17,comment,2025-12
2025-12-31 20:03:19,comment,2025-12
2025-12-31 19:58:27,comment,2025-12
2025-12-31 19:08:19,comment,2025-12
2025-12-31 19:05:47,comment,2025-12
2025-12-31 17:46:27,comment,2025-12
2025-12-31 17:46:21,comment,2025-12
2025-12-31 17:38:18,comment,2025-12
2025-12-31 17:29:29,comment,2025-12
2025-12-31 17:29:11,comment,2025-12
2025-12-31 17:28:04,comment,2025-12
2025-12-31 17:27:51,comment,2025-12
2025-12-31 17:10:38,comment,2025-12
2025-12-31 17:08:06,comment,2025-12
2025-12-31 17:08:01,comment,2025-12
2025-12-31 17:02:13,comment,2025-12
2025-12-31 17:01:56,comment,2025-12
2025-12-31 16:58:32,comment,2025-12
2025-12-31 16:58:17,comment,2025-12
2025-12-31 16:40:00,comment,2025-12
2025-12-30 20:18:49,comment,2025-12
2025-12-30 15:29:14,comment,2025-12
2025-12-30 00:02:29,comment,2025-12
2025-12-29 23:03:29,comment,2025-12
2025-12-29 22:05:31,comment,2025-12
2025-12-29 22:00:56,comment,2025-12
2025-12-29 22:00:44,comment,2025-12
2025-12-29 21:59:08,comment,2025-12
2025-12-29 21:58:32,comment,2025-12
2025-12-29 21:30:26,comment,2025-12
2025-12-29 21:24:16,comment,2025-12
2025-12-29 21:18:28,comment,2025-12
2025-12-29 16:59:59,comment,2025-12
2025-12-29 11:09:27,comment,2025-12
2025-12-28 01:38:22,comment,2025-12
2025-12-26 11:25:21,comment,2025-12
2025-12-26 06:33:06,comment,2025-12
2025-12-25 23:52:07,comment,2025-12
2025-12-25 22:27:08,comment,2025-12
2025-12-25 22:26:58,comment,2025-12
2025-12-24 15:32:44,comment,2025-12
2025-12-23 21:30:34,comment,2025-12
2025-12-22 14:26:51,comment,2025-12
2025-12-22 06:21:43,comment,2025-12
2025-12-21 23:57:29,comment,2025-12
2025-12-20 23:25:02,comment,2025-12
2025-12-20 01:03:46,comment,2025-12
2025-12-20 00:58:59,comment,2025-12
2025-12-19 18:15:42,comment,2025-12
2025-12-19 09:49:06,comment,2025-12
2025-12-18 19:27:31,comment,2025-12
2025-12-18 17:19:28,comment,2025-12
2025-12-18 15:38:32,comment,2025-12
2025-12-18 15:24:59,comment,2025-12
2025-12-18 14:49:40,comment,2025-12
2025-12-18 14:11:38,comment,2025-12
2025-12-18 13:32:28,comment,2025-12
2025-12-18 12:51:20,comment,2025-12
2025-12-18 12:41:45,comment,2025-12
2025-12-18 12:40:00,comment,2025-12
2025-12-18 12:39:51,comment,2025-12
2025-12-18 12:36:28,comment,2025-12
2025-12-18 12:09:30,comment,2025-12
2025-12-17 17:17:47,comment,2025-12
2025-12-17 15:28:24,comment,2025-12
2025-12-17 14:54:06,comment,2025-12
2025-12-17 13:20:30,comment,2025-12
2025-12-17 12:01:48,comment,2025-12
2025-12-17 12:01:19,comment,2025-12
2025-12-17 11:10:13,comment,2025-12
2025-12-17 11:08:11,comment,2025-12
2025-12-17 00:20:21,comment,2025-12
2025-12-16 23:41:12,comment,2025-12
2025-12-16 23:24:24,comment,2025-12
2025-12-16 22:38:59,comment,2025-12
2025-12-16 22:00:07,comment,2025-12
2025-12-16 21:14:25,comment,2025-12
2025-12-16 20:13:05,comment,2025-12
2025-12-16 14:56:10,comment,2025-12
2025-12-16 14:54:40,comment,2025-12
2025-12-16 13:00:48,comment,2025-12
2025-12-16 12:23:09,comment,2025-12
2025-12-16 11:54:07,comment,2025-12
2025-12-16 11:00:55,comment,2025-12
2025-12-16 09:28:42,comment,2025-12
2025-12-16 07:01:07,comment,2025-12
2025-12-16 07:00:06,comment,2025-12
2025-12-16 01:32:13,comment,2025-12
2025-12-16 00:30:16,comment,2025-12
2025-12-15 23:22:17,comment,2025-12
2025-12-15 23:05:27,comment,2025-12
2025-12-15 22:21:31,comment,2025-12
2025-12-15 22:02:57,comment,2025-12
2025-12-15 22:02:38,comment,2025-12
2025-12-15 20:45:05,comment,2025-12
2025-12-15 20:29:35,comment,2025-12
2025-12-15 20:29:26,comment,2025-12
2025-12-15 20:22:44,comment,2025-12
2025-12-15 19:28:03,comment,2025-12
2025-12-15 18:22:56,comment,2025-12
2025-12-15 17:56:20,comment,2025-12
2025-12-15 17:48:13,comment,2025-12
2025-12-15 17:47:39,comment,2025-12
2025-12-15 17:47:33,comment,2025-12
2025-12-15 17:47:17,comment,2025-12
2025-12-15 17:47:07,comment,2025-12
2025-12-15 17:46:30,comment,2025-12
2025-12-15 17:46:04,comment,2025-12
2025-12-15 16:53:54,comment,2025-12
2025-12-15 16:53:28,comment,2025-12
2025-12-15 16:45:31,comment,2025-12
2025-12-15 16:44:55,comment,2025-12
2025-12-15 16:44:46,comment,2025-12
2025-12-14 12:58:59,comment,2025-12
2025-12-14 12:58:52,comment,2025-12
2025-12-14 12:58:12,comment,2025-12
2025-12-13 11:23:19,comment,2025-12
2025-12-11 01:07:16,comment,2025-12
2025-12-11 00:42:13,comment,2025-12
2025-12-11 00:40:25,comment,2025-12
2025-12-10 23:02:04,comment,2025-12
2025-12-10 21:05:00,comment,2025-12
2025-12-10 18:48:09,comment,2025-12
2025-12-10 18:42:58,comment,2025-12
2025-12-10 18:21:41,comment,2025-12
2025-12-10 17:53:42,comment,2025-12
2025-12-10 17:07:38,comment,2025-12
2025-12-10 16:19:00,comment,2025-12
2025-12-10 16:18:02,comment,2025-12
2025-12-10 16:16:15,comment,2025-12
2025-12-09 15:06:20,comment,2025-12
2025-12-08 17:38:48,comment,2025-12
2025-12-08 09:02:28,comment,2025-12
2025-12-07 23:51:41,comment,2025-12
2025-12-07 23:50:32,comment,2025-12
2025-12-07 14:49:30,comment,2025-12
2025-12-07 11:38:38,comment,2025-12
2025-12-07 09:57:00,comment,2025-12
2025-12-07 00:22:06,comment,2025-12
2025-12-06 22:15:20,comment,2025-12
2025-12-06 22:13:29,comment,2025-12
2025-12-06 21:02:30,comment,2025-12
2025-12-06 21:02:14,comment,2025-12
2025-12-06 21:01:35,comment,2025-12
2025-12-06 19:58:20,comment,2025-12
2025-12-06 19:57:59,comment,2025-12
2025-12-06 18:46:52,comment,2025-12
2025-12-06 18:46:29,comment,2025-12
2025-12-06 16:52:40,comment,2025-12
2025-12-06 16:52:28,comment,2025-12
2025-12-06 16:35:59,comment,2025-12
2025-12-05 10:42:44,comment,2025-12
2025-12-02 21:26:04,comment,2025-12
2025-12-02 18:39:05,comment,2025-12
2025-12-02 14:27:42,comment,2025-12
2025-12-02 14:02:20,comment,2025-12
2025-12-02 14:02:12,comment,2025-12
2025-12-02 14:01:54,comment,2025-12
2025-12-02 11:57:26,comment,2025-12
2025-12-01 21:44:04,comment,2025-12
2025-11-30 00:43:10,comment,2025-11
2025-11-29 21:31:15,comment,2025-11
2025-11-29 17:27:49,comment,2025-11
2025-11-29 14:29:56,comment,2025-11
2025-11-29 14:29:34,comment,2025-11
2025-11-29 14:29:28,comment,2025-11
2025-11-29 12:21:49,comment,2025-11
2025-11-29 12:21:29,comment,2025-11
2025-11-29 09:24:00,comment,2025-11
2025-11-29 07:46:12,comment,2025-11
2025-11-29 01:36:43,comment,2025-11
2025-11-29 00:02:38,comment,2025-11
2025-11-28 23:11:44,comment,2025-11
2025-11-28 23:11:01,comment,2025-11
2025-11-28 21:55:27,comment,2025-11
2025-11-28 21:29:58,comment,2025-11
2025-11-28 21:27:53,comment,2025-11
2025-11-28 21:27:42,comment,2025-11
2025-11-28 20:53:58,comment,2025-11
2025-11-28 20:32:27,comment,2025-11
2025-11-28 20:32:11,comment,2025-11
2025-11-28 19:29:32,comment,2025-11
2025-11-28 19:23:44,comment,2025-11
2025-11-28 19:23:17,comment,2025-11
2025-11-28 19:00:39,comment,2025-11
2025-11-28 18:56:26,comment,2025-11
2025-11-28 18:15:22,comment,2025-11
2025-11-28 18:13:32,comment,2025-11
2025-11-28 18:11:33,comment,2025-11
2025-11-28 18:05:24,comment,2025-11
2025-11-28 18:04:54,comment,2025-11
2025-11-28 17:53:20,comment,2025-11
2025-11-28 17:36:51,comment,2025-11
2025-11-28 17:33:34,comment,2025-11
2025-11-28 17:30:32,comment,2025-11
2025-11-28 17:28:16,comment,2025-11
2025-11-28 17:25:35,comment,2025-11
2025-11-28 17:10:10,comment,2025-11
2025-11-28 17:08:45,comment,2025-11
2025-11-28 17:08:04,comment,2025-11
2025-11-28 17:07:28,comment,2025-11
2025-11-28 17:04:59,comment,2025-11
2025-11-28 17:04:31,comment,2025-11
2025-11-28 16:18:00,comment,2025-11
2025-11-28 16:17:16,comment,2025-11
2025-11-28 16:13:55,comment,2025-11
2025-11-28 16:11:55,comment,2025-11
2025-11-28 16:11:46,comment,2025-11
2025-11-28 16:11:36,comment,2025-11
2025-11-28 16:01:59,comment,2025-11
2025-11-28 16:00:32,comment,2025-11
2025-11-28 16:00:24,comment,2025-11
2025-11-28 15:54:37,comment,2025-11
2025-11-28 15:54:09,comment,2025-11
2025-11-28 15:52:51,comment,2025-11
2025-11-28 15:52:41,comment,2025-11
2025-11-28 15:43:01,comment,2025-11
2025-11-28 15:34:51,comment,2025-11
2025-11-28 15:34:27,comment,2025-11
2025-11-28 15:34:00,comment,2025-11
2025-11-28 15:33:56,comment,2025-11
2025-11-27 23:23:40,comment,2025-11
2025-11-27 12:23:51,comment,2025-11
2025-11-26 18:16:08,comment,2025-11
2025-11-24 08:39:18,comment,2025-11
2025-11-23 19:44:50,comment,2025-11
2025-11-22 09:35:25,comment,2025-11
2025-11-21 22:00:56,comment,2025-11
2025-11-21 21:03:37,comment,2025-11
2025-11-21 14:56:20,comment,2025-11
2025-11-21 14:56:12,comment,2025-11
2025-11-21 14:01:00,comment,2025-11
2025-11-21 13:29:01,comment,2025-11
2025-11-21 12:17:37,comment,2025-11
2025-11-21 06:25:54,comment,2025-11
2025-11-20 23:54:23,comment,2025-11
2025-11-20 19:15:39,comment,2025-11
2025-11-20 15:17:54,comment,2025-11
2025-11-18 21:55:10,comment,2025-11
2025-11-18 21:08:21,comment,2025-11
2025-11-18 20:18:02,comment,2025-11
2025-11-18 17:59:31,comment,2025-11
2025-11-18 01:26:19,comment,2025-11
2025-11-17 19:25:55,comment,2025-11
2025-11-17 19:24:34,comment,2025-11
2025-11-17 19:20:17,comment,2025-11
2025-11-17 15:09:25,comment,2025-11
2025-11-17 12:00:57,comment,2025-11
2025-11-17 12:00:14,comment,2025-11
2025-11-17 10:42:44,comment,2025-11
2025-11-17 05:33:29,comment,2025-11
2025-11-17 05:33:02,comment,2025-11
2025-11-17 05:31:38,comment,2025-11
2025-11-16 21:53:38,comment,2025-11
2025-11-16 21:11:11,comment,2025-11
2025-11-16 19:13:06,comment,2025-11
2025-11-16 15:41:29,comment,2025-11
2025-11-16 15:39:23,comment,2025-11
2025-11-16 15:39:08,comment,2025-11
2025-11-16 15:11:57,comment,2025-11
2025-11-16 15:11:37,comment,2025-11
2025-11-16 15:11:06,comment,2025-11
2025-11-16 14:48:17,comment,2025-11
2025-11-16 14:47:34,comment,2025-11
2025-11-16 14:46:51,comment,2025-11
2025-11-16 14:37:53,comment,2025-11
2025-11-16 14:37:17,comment,2025-11
2025-11-16 14:26:07,comment,2025-11
2025-11-16 12:21:33,comment,2025-11
2025-11-16 12:09:34,comment,2025-11
2025-11-16 09:25:20,comment,2025-11
2025-11-16 09:25:02,comment,2025-11
2025-11-16 09:24:14,comment,2025-11
2025-11-15 21:12:52,comment,2025-11
2025-11-15 10:25:50,comment,2025-11
2025-11-15 10:25:05,comment,2025-11
2025-11-15 00:39:19,comment,2025-11
2025-11-14 21:24:26,comment,2025-11
2025-11-14 19:45:05,comment,2025-11
2025-11-14 19:01:37,comment,2025-11
2025-11-14 19:01:07,comment,2025-11
2025-11-14 17:58:31,comment,2025-11
2025-11-14 17:57:03,comment,2025-11
2025-11-14 17:18:14,comment,2025-11
2025-11-14 16:36:31,comment,2025-11
2025-11-14 16:36:27,comment,2025-11
2025-11-14 15:44:09,comment,2025-11
2025-11-14 15:23:16,comment,2025-11
2025-11-14 11:00:06,comment,2025-11
2025-11-14 09:27:22,comment,2025-11
2025-11-13 21:46:51,comment,2025-11
2025-11-13 21:46:23,comment,2025-11
2025-11-12 13:29:41,comment,2025-11
2025-11-12 00:53:40,comment,2025-11
2025-11-12 00:21:59,comment,2025-11
2025-11-12 00:21:26,comment,2025-11
2025-11-11 20:54:52,comment,2025-11
2025-11-11 20:40:08,comment,2025-11
2025-11-11 20:39:22,comment,2025-11
2025-11-11 20:34:53,comment,2025-11
2025-11-11 20:24:11,comment,2025-11
2025-11-11 18:41:51,comment,2025-11
2025-11-11 14:47:03,comment,2025-11
2025-11-11 13:45:22,comment,2025-11
2025-11-11 12:26:59,comment,2025-11
2025-11-11 10:56:45,comment,2025-11
2025-11-11 09:58:12,comment,2025-11
2025-11-11 09:57:31,comment,2025-11
2025-11-11 09:56:49,comment,2025-11
2025-11-11 07:10:48,comment,2025-11
2025-11-11 06:26:23,comment,2025-11
2025-11-11 06:19:51,comment,2025-11
2025-11-10 23:51:01,comment,2025-11
2025-11-10 23:27:52,comment,2025-11
2025-11-10 23:25:09,comment,2025-11
2025-11-10 23:22:06,comment,2025-11
2025-11-10 23:21:35,comment,2025-11
2025-11-10 22:42:53,comment,2025-11
2025-11-10 22:00:23,comment,2025-11
2025-11-10 21:54:58,comment,2025-11
2025-11-10 21:28:37,comment,2025-11
2025-11-10 20:52:13,comment,2025-11
2025-11-10 20:51:10,comment,2025-11
2025-11-10 20:50:02,comment,2025-11
2025-11-10 20:49:28,comment,2025-11
2025-11-10 20:49:13,comment,2025-11
2025-11-10 19:45:27,comment,2025-11
2025-11-10 19:43:13,comment,2025-11
2025-11-10 19:41:54,comment,2025-11
2025-11-10 19:36:56,comment,2025-11
2025-11-10 19:36:14,comment,2025-11
2025-11-10 19:36:02,comment,2025-11
2025-11-10 19:35:52,comment,2025-11
2025-11-10 19:35:31,comment,2025-11
2025-11-10 17:41:51,comment,2025-11
2025-11-10 17:39:54,comment,2025-11
2025-11-10 17:39:31,comment,2025-11
2025-11-10 17:39:25,comment,2025-11
2025-11-10 17:39:14,comment,2025-11
2025-11-10 17:39:00,comment,2025-11
2025-11-10 16:55:59,comment,2025-11
2025-11-10 16:38:23,comment,2025-11
2025-11-10 16:38:05,comment,2025-11
2025-11-10 16:32:52,comment,2025-11
2025-11-10 16:30:58,comment,2025-11
2025-11-10 16:30:43,comment,2025-11
2025-11-10 16:30:37,comment,2025-11
2025-11-10 16:30:21,comment,2025-11
2025-11-10 16:30:15,comment,2025-11
2025-11-10 16:29:27,comment,2025-11
2025-11-10 16:00:07,comment,2025-11
2025-11-10 15:59:28,comment,2025-11
2025-11-10 15:23:39,comment,2025-11
2025-11-10 15:23:32,comment,2025-11
2025-11-10 07:39:30,comment,2025-11
2025-11-09 06:53:56,comment,2025-11
2025-11-08 21:14:02,comment,2025-11
2025-11-06 23:02:41,comment,2025-11
2025-11-06 22:56:10,comment,2025-11
2025-11-06 22:55:53,comment,2025-11
2025-11-06 21:25:58,comment,2025-11
2025-11-06 21:25:36,comment,2025-11
2025-11-06 20:32:46,comment,2025-11
2025-11-06 20:24:17,comment,2025-11
2025-11-06 16:31:53,comment,2025-11
2025-11-06 16:03:02,comment,2025-11
2025-11-06 16:02:52,comment,2025-11
2025-11-06 15:47:10,comment,2025-11
2025-11-05 22:25:27,comment,2025-11
2025-11-04 16:07:51,comment,2025-11
2025-11-04 11:39:56,comment,2025-11
2025-11-04 09:32:49,comment,2025-11
2025-11-02 09:56:14,comment,2025-11
2025-11-01 13:41:44,comment,2025-11
2025-11-01 13:41:18,comment,2025-11
2025-11-01 11:41:03,comment,2025-11
2025-11-01 11:32:28,comment,2025-11
2025-11-01 10:42:32,comment,2025-11
2025-11-01 10:41:18,comment,2025-11
2025-11-01 10:40:35,comment,2025-11
2025-11-01 10:40:08,comment,2025-11
2025-11-01 08:48:13,comment,2025-11
2025-11-01 06:50:00,comment,2025-11
2025-11-01 00:58:47,comment,2025-11
2025-10-31 23:52:42,comment,2025-10
2025-10-31 23:24:43,comment,2025-10
2025-10-31 23:03:22,comment,2025-10
2025-10-31 22:55:49,comment,2025-10
2025-10-31 22:46:43,comment,2025-10
2025-10-31 22:46:29,comment,2025-10
2025-10-31 22:46:24,comment,2025-10
2025-10-31 22:22:36,comment,2025-10
2025-10-31 22:21:43,comment,2025-10
2025-10-31 22:21:17,comment,2025-10
2025-10-31 22:20:57,comment,2025-10
2025-10-31 22:20:50,comment,2025-10
2025-10-31 22:20:29,comment,2025-10
2025-10-31 22:20:23,comment,2025-10
2025-10-31 22:20:11,comment,2025-10
2025-10-31 22:20:03,comment,2025-10
2025-10-30 20:24:36,comment,2025-10
2025-10-30 19:06:44,comment,2025-10
2025-10-30 13:55:45,comment,2025-10
2025-10-30 13:49:52,comment,2025-10
2025-10-30 11:00:11,comment,2025-10
2025-10-30 10:59:54,comment,2025-10
2025-10-29 22:43:08,comment,2025-10
2025-10-29 11:01:25,comment,2025-10
2025-10-28 10:32:45,comment,2025-10
2025-10-28 00:21:51,comment,2025-10
2025-10-27 19:51:23,comment,2025-10
2025-10-26 13:45:28,comment,2025-10
2025-10-26 10:07:21,comment,2025-10
2025-10-26 08:48:00,comment,2025-10
2025-10-26 08:46:24,comment,2025-10
2025-10-25 23:13:52,comment,2025-10
2025-10-25 21:52:39,comment,2025-10
2025-10-25 11:47:05,comment,2025-10
2025-10-25 09:33:55,comment,2025-10
2025-10-24 23:26:55,comment,2025-10
2025-10-24 21:46:32,comment,2025-10
2025-10-24 16:14:03,comment,2025-10
2025-10-24 15:48:14,comment,2025-10
2025-10-24 15:17:13,comment,2025-10
2025-10-24 15:16:44,comment,2025-10
2025-10-24 14:59:53,comment,2025-10
2025-10-24 12:50:41,comment,2025-10
2025-10-24 12:50:07,comment,2025-10
2025-10-24 11:20:36,comment,2025-10
2025-10-24 11:20:08,comment,2025-10
2025-10-24 09:32:38,comment,2025-10
2025-10-24 09:32:31,comment,2025-10
2025-10-24 07:52:58,comment,2025-10
2025-10-24 07:46:48,comment,2025-10
2025-10-24 07:46:33,comment,2025-10
2025-10-24 07:45:06,comment,2025-10
2025-10-24 07:44:54,comment,2025-10
2025-10-23 23:29:38,comment,2025-10
2025-10-23 23:24:52,comment,2025-10
2025-10-23 23:24:04,comment,2025-10
2025-10-23 23:23:55,comment,2025-10
2025-10-23 23:23:46,comment,2025-10
2025-10-23 23:23:39,comment,2025-10
2025-10-23 23:23:24,comment,2025-10
2025-10-23 23:23:17,comment,2025-10
2025-10-23 23:22:48,comment,2025-10
2025-10-23 22:43:28,comment,2025-10
2025-10-23 22:42:24,comment,2025-10
2025-10-23 22:32:13,comment,2025-10
2025-10-23 21:33:14,comment,2025-10
2025-10-23 15:45:19,comment,2025-10
2025-10-23 11:31:30,comment,2025-10
2025-10-23 11:30:26,comment,2025-10
2025-10-23 10:32:46,comment,2025-10
2025-10-23 10:32:35,comment,2025-10
2025-10-23 09:32:48,comment,2025-10
2025-10-23 09:32:01,comment,2025-10
2025-10-23 09:31:51,comment,2025-10
2025-10-23 06:15:38,comment,2025-10
2025-10-23 06:15:22,comment,2025-10
2025-10-22 22:40:38,comment,2025-10
2025-10-22 20:16:05,comment,2025-10
2025-10-22 19:11:37,comment,2025-10
2025-10-22 19:09:45,comment,2025-10
2025-10-22 17:02:37,comment,2025-10
2025-10-22 15:51:02,comment,2025-10
2025-10-22 15:17:40,comment,2025-10
2025-10-22 15:17:01,comment,2025-10
2025-10-22 14:48:55,comment,2025-10
2025-10-22 14:44:29,comment,2025-10
2025-10-22 14:12:11,comment,2025-10
2025-10-22 14:11:57,comment,2025-10
2025-10-22 14:11:46,comment,2025-10
2025-10-22 13:53:07,comment,2025-10
2025-10-22 13:42:49,comment,2025-10
2025-10-22 13:41:50,comment,2025-10
2025-10-22 13:41:29,comment,2025-10
2025-10-22 13:11:14,comment,2025-10
2025-10-22 13:07:10,comment,2025-10
2025-10-22 13:02:26,comment,2025-10
2025-10-22 13:02:07,comment,2025-10
2025-10-22 13:00:14,comment,2025-10
2025-10-22 12:59:43,comment,2025-10
2025-10-22 12:59:37,comment,2025-10
2025-10-22 12:59:08,comment,2025-10
2025-10-22 12:57:12,comment,2025-10
2025-10-22 12:36:47,comment,2025-10
2025-10-22 12:35:38,comment,2025-10
2025-10-22 12:31:17,comment,2025-10
2025-10-22 12:31:04,comment,2025-10
2025-10-22 12:17:45,comment,2025-10
2025-10-22 12:17:34,comment,2025-10
2025-10-22 12:17:19,comment,2025-10
2025-10-21 15:24:56,comment,2025-10
2025-10-21 13:31:11,comment,2025-10
2025-10-21 12:33:39,comment,2025-10
2025-10-20 12:24:09,comment,2025-10
2025-10-19 21:08:52,comment,2025-10
2025-10-18 20:04:44,comment,2025-10
2025-10-18 15:13:05,comment,2025-10
2025-10-18 09:48:58,comment,2025-10
2025-10-18 00:55:44,comment,2025-10
2025-10-17 21:57:32,comment,2025-10
2025-10-17 21:40:02,comment,2025-10
2025-10-17 20:21:08,comment,2025-10
2025-10-17 19:18:21,comment,2025-10
2025-10-17 18:09:47,comment,2025-10
2025-10-17 14:38:54,comment,2025-10
2025-10-17 14:38:31,comment,2025-10
2025-10-17 11:13:09,comment,2025-10
2025-10-17 11:12:19,comment,2025-10
2025-10-17 10:42:19,comment,2025-10
2025-10-17 09:09:08,comment,2025-10
2025-10-17 01:34:31,comment,2025-10
2025-10-17 01:33:00,comment,2025-10
2025-10-17 01:24:44,comment,2025-10
2025-10-16 23:28:54,comment,2025-10
2025-10-16 22:27:16,comment,2025-10
2025-10-16 22:24:43,comment,2025-10
2025-10-16 22:00:14,comment,2025-10
2025-10-16 21:53:08,comment,2025-10
2025-10-16 21:52:00,comment,2025-10
2025-10-16 21:22:36,comment,2025-10
2025-10-16 21:22:28,comment,2025-10
2025-10-16 21:22:12,comment,2025-10
2025-10-16 21:22:07,comment,2025-10
2025-10-16 21:21:52,comment,2025-10
2025-10-16 21:21:16,comment,2025-10
2025-10-16 21:21:03,comment,2025-10
2025-10-16 12:50:26,comment,2025-10
2025-10-16 08:57:45,comment,2025-10
2025-10-16 08:57:07,comment,2025-10
2025-10-15 19:18:01,comment,2025-10
2025-10-15 17:06:34,comment,2025-10
2025-10-15 15:27:43,comment,2025-10
2025-10-14 22:57:30,comment,2025-10
2025-10-14 21:05:04,comment,2025-10
2025-10-14 14:56:48,comment,2025-10
2025-10-14 13:40:15,comment,2025-10
2025-10-14 11:05:59,comment,2025-10
2025-10-14 10:40:56,comment,2025-10
2025-10-13 13:18:05,comment,2025-10
2025-10-13 10:58:10,comment,2025-10
2025-10-13 10:40:52,comment,2025-10
2025-10-13 06:01:35,comment,2025-10
2025-10-12 22:35:39,comment,2025-10
2025-10-12 19:35:39,comment,2025-10
2025-10-12 15:17:13,comment,2025-10
2025-10-12 11:42:27,comment,2025-10
2025-10-11 22:31:26,comment,2025-10
2025-10-11 20:42:02,comment,2025-10
2025-10-11 19:52:47,comment,2025-10
2025-10-11 18:43:44,comment,2025-10
2025-10-11 18:43:30,comment,2025-10
2025-10-11 17:14:08,comment,2025-10
2025-10-11 17:13:52,comment,2025-10
2025-10-11 15:21:54,comment,2025-10
2025-10-11 15:08:40,comment,2025-10
2025-10-11 15:06:24,comment,2025-10
2025-10-11 15:05:21,comment,2025-10
2025-10-11 15:05:00,comment,2025-10
2025-10-11 15:03:33,comment,2025-10
2025-10-11 14:16:08,comment,2025-10
2025-10-11 14:11:41,comment,2025-10
2025-10-11 13:59:06,comment,2025-10
2025-10-11 13:51:50,comment,2025-10
2025-10-11 13:49:46,comment,2025-10
2025-10-11 13:33:43,comment,2025-10
2025-10-11 13:31:45,comment,2025-10
2025-10-11 13:31:24,comment,2025-10
2025-10-11 13:30:52,comment,2025-10
2025-10-11 13:29:57,comment,2025-10
2025-10-11 13:29:49,comment,2025-10
2025-10-11 13:29:22,comment,2025-10
2025-10-11 13:10:36,comment,2025-10
2025-10-11 10:09:42,comment,2025-10
2025-10-11 10:09:19,comment,2025-10
2025-10-10 10:01:37,comment,2025-10
2025-10-09 19:21:06,comment,2025-10
2025-10-09 10:50:11,comment,2025-10
2025-10-09 01:10:37,comment,2025-10
2025-10-08 23:54:32,comment,2025-10
2025-10-08 01:42:06,comment,2025-10
2025-10-08 00:52:00,comment,2025-10
2025-10-07 23:46:21,comment,2025-10
2025-10-07 23:44:34,comment,2025-10
2025-10-07 22:42:38,comment,2025-10
2025-10-07 22:41:50,comment,2025-10
2025-10-07 22:22:28,comment,2025-10
2025-10-07 19:27:55,comment,2025-10
2025-10-07 16:39:57,comment,2025-10
2025-10-07 14:55:07,comment,2025-10
2025-10-07 08:54:21,comment,2025-10
2025-10-06 23:52:30,comment,2025-10
2025-10-06 23:30:55,comment,2025-10
2025-10-06 23:29:32,comment,2025-10
2025-10-06 17:00:42,comment,2025-10
2025-10-06 14:54:14,comment,2025-10
2025-10-05 09:47:51,comment,2025-10
2025-10-04 18:37:10,comment,2025-10
2025-10-04 12:54:25,comment,2025-10
2025-10-04 10:41:47,comment,2025-10
2025-10-04 00:14:40,comment,2025-10
2025-10-04 00:14:20,comment,2025-10
2025-10-03 23:22:51,comment,2025-10
2025-10-03 22:30:55,comment,2025-10
2025-10-03 22:29:45,comment,2025-10
2025-10-03 20:52:57,comment,2025-10
2025-10-03 20:52:47,comment,2025-10
2025-10-03 19:32:46,comment,2025-10
2025-10-03 19:24:27,comment,2025-10
2025-10-03 19:24:17,comment,2025-10
2025-10-03 19:24:00,comment,2025-10
2025-10-03 19:23:33,comment,2025-10
2025-10-03 15:18:16,comment,2025-10
2025-10-03 12:35:08,comment,2025-10
2025-10-03 12:19:44,comment,2025-10
2025-10-03 11:32:50,comment,2025-10
2025-10-02 13:04:30,comment,2025-10
2025-10-02 11:07:37,comment,2025-10
2025-10-01 21:36:22,comment,2025-10
2025-10-01 18:41:17,comment,2025-10
2025-10-01 16:41:46,comment,2025-10
2025-10-01 14:53:20,comment,2025-10
2025-10-01 11:48:44,comment,2025-10
2025-10-01 00:34:07,comment,2025-10
2025-09-30 23:28:18,comment,2025-09
2025-09-30 22:02:52,comment,2025-09
2025-09-30 19:26:48,comment,2025-09
2025-09-30 17:23:35,comment,2025-09
2025-09-30 15:06:58,comment,2025-09
2025-09-30 13:59:10,comment,2025-09
2025-09-30 13:35:52,comment,2025-09
2025-09-30 10:39:33,comment,2025-09
2025-09-30 10:39:12,comment,2025-09
2025-09-30 10:28:46,comment,2025-09
2025-09-30 08:34:57,comment,2025-09
2025-09-30 01:38:52,comment,2025-09
2025-09-30 01:38:04,comment,2025-09
2025-09-29 23:55:16,comment,2025-09
2025-09-29 23:14:31,comment,2025-09
2025-09-29 23:14:15,comment,2025-09
2025-09-29 22:54:02,comment,2025-09
2025-09-29 22:44:09,comment,2025-09
2025-09-29 15:53:08,comment,2025-09
2025-09-29 11:48:35,comment,2025-09
2025-09-29 11:48:22,comment,2025-09
2025-09-29 08:17:00,comment,2025-09
2025-09-29 08:16:39,comment,2025-09
2025-09-28 22:03:22,comment,2025-09
2025-09-28 21:15:00,comment,2025-09
2025-09-28 21:14:07,comment,2025-09
2025-09-28 20:09:05,comment,2025-09
2025-09-28 17:37:01,comment,2025-09
2025-09-28 17:36:32,comment,2025-09
2025-09-28 17:35:44,comment,2025-09
2025-09-28 15:06:11,comment,2025-09
2025-09-28 10:40:20,comment,2025-09
2025-09-28 10:39:59,comment,2025-09
2025-09-27 22:11:24,comment,2025-09
2025-09-27 22:06:46,comment,2025-09
2025-09-27 21:14:55,comment,2025-09
2025-09-27 20:19:57,comment,2025-09
2025-09-27 19:22:26,comment,2025-09
2025-09-27 18:03:47,comment,2025-09
2025-09-27 14:40:48,comment,2025-09
2025-09-27 12:19:12,comment,2025-09
2025-09-27 12:19:01,comment,2025-09
2025-09-27 08:47:14,comment,2025-09
2025-09-27 08:00:26,comment,2025-09
2025-09-27 08:00:01,comment,2025-09
2025-09-27 07:38:34,comment,2025-09
2025-09-27 07:38:03,comment,2025-09
2025-09-27 07:36:14,comment,2025-09
2025-09-27 00:50:34,comment,2025-09
2025-09-27 00:24:21,comment,2025-09
2025-09-27 00:04:28,comment,2025-09
2025-09-27 00:03:58,comment,2025-09
2025-09-26 23:30:51,comment,2025-09
2025-09-26 23:25:34,comment,2025-09
2025-09-26 23:21:22,comment,2025-09
2025-09-26 22:22:59,comment,2025-09
2025-09-26 22:21:22,comment,2025-09
2025-09-26 22:08:26,comment,2025-09
2025-09-26 22:08:02,comment,2025-09
2025-09-26 22:07:31,comment,2025-09
2025-09-26 22:07:13,comment,2025-09
2025-09-26 21:45:15,comment,2025-09
2025-09-26 21:43:50,comment,2025-09
2025-09-26 21:43:35,comment,2025-09
2025-09-26 21:23:01,comment,2025-09
2025-09-26 21:22:57,comment,2025-09
2025-09-26 14:53:14,comment,2025-09
2025-09-25 12:44:24,comment,2025-09
2025-09-25 09:49:14,comment,2025-09
2025-09-24 21:58:31,comment,2025-09
2025-09-24 20:58:26,comment,2025-09
2025-09-24 18:54:18,comment,2025-09
2025-09-24 14:55:21,comment,2025-09
2025-09-24 07:03:43,comment,2025-09
2025-09-23 20:08:25,comment,2025-09
2025-09-23 19:41:41,comment,2025-09
2025-09-23 16:40:03,comment,2025-09
2025-09-23 14:19:04,comment,2025-09
2025-09-23 13:46:54,comment,2025-09
2025-09-23 09:56:26,comment,2025-09
2025-09-23 08:50:37,comment,2025-09
2025-09-23 02:24:30,comment,2025-09
2025-09-23 01:09:13,comment,2025-09
2025-09-22 22:30:50,comment,2025-09
2025-09-22 21:26:44,comment,2025-09
2025-09-22 19:29:27,comment,2025-09
2025-09-22 15:26:06,comment,2025-09
2025-09-22 08:23:53,comment,2025-09
2025-09-22 08:23:18,comment,2025-09
2025-09-22 08:23:07,comment,2025-09
2025-09-22 00:18:13,comment,2025-09
2025-09-21 22:37:03,comment,2025-09
2025-09-21 21:45:05,comment,2025-09
2025-09-21 17:58:08,comment,2025-09
2025-09-21 17:57:53,comment,2025-09
2025-09-21 16:15:27,comment,2025-09
2025-09-21 16:14:29,comment,2025-09
2025-09-21 11:25:41,comment,2025-09
2025-09-21 11:24:57,comment,2025-09
2025-09-21 03:15:27,comment,2025-09
2025-09-20 18:14:10,comment,2025-09
2025-09-20 15:51:05,comment,2025-09
2025-09-20 15:14:03,comment,2025-09
2025-09-20 14:55:36,comment,2025-09
2025-09-20 14:17:34,comment,2025-09
2025-09-20 13:32:19,comment,2025-09
2025-09-20 11:33:48,comment,2025-09
2025-09-20 09:25:42,comment,2025-09
2025-09-20 08:56:57,comment,2025-09
2025-09-20 08:56:45,comment,2025-09
2025-09-20 08:55:19,comment,2025-09
2025-09-20 00:08:08,comment,2025-09
2025-09-19 23:52:30,comment,2025-09
2025-09-19 23:41:50,comment,2025-09
2025-09-19 23:41:23,comment,2025-09
2025-09-19 23:05:11,comment,2025-09
2025-09-19 23:05:04,comment,2025-09
2025-09-19 23:04:35,comment,2025-09
2025-09-19 23:04:13,comment,2025-09
2025-09-19 22:21:54,comment,2025-09
2025-09-19 22:17:07,comment,2025-09
2025-09-19 22:16:56,comment,2025-09
2025-09-19 22:16:50,comment,2025-09
2025-09-19 17:15:36,comment,2025-09
2025-09-19 13:28:21,comment,2025-09
2025-09-19 11:54:55,comment,2025-09
2025-09-18 17:58:53,comment,2025-09
2025-09-18 11:08:10,comment,2025-09
2025-09-18 11:07:37,comment,2025-09
2025-09-17 17:19:33,comment,2025-09
2025-09-17 16:30:28,comment,2025-09
2025-09-17 11:58:10,comment,2025-09
2025-09-17 08:46:51,comment,2025-09
2025-09-17 08:46:40,comment,2025-09
2025-09-16 16:29:40,comment,2025-09
2025-09-15 13:19:28,comment,2025-09
2025-09-15 08:30:15,comment,2025-09
2025-09-15 00:08:24,comment,2025-09
2025-09-15 00:08:19,comment,2025-09
2025-09-14 22:44:02,comment,2025-09
2025-09-14 20:18:14,comment,2025-09
2025-09-14 18:54:27,comment,2025-09
2025-09-14 15:42:58,comment,2025-09
2025-09-14 15:06:14,comment,2025-09
2025-09-14 14:51:43,comment,2025-09
2025-09-14 10:55:51,comment,2025-09
2025-09-14 10:39:36,comment,2025-09
2025-09-14 09:44:48,comment,2025-09
2025-09-13 23:38:54,comment,2025-09
2025-09-13 23:16:38,comment,2025-09
2025-09-13 22:35:28,comment,2025-09
2025-09-13 22:01:17,comment,2025-09
2025-09-13 18:12:51,comment,2025-09
2025-09-13 18:12:08,comment,2025-09
2025-09-13 16:18:39,comment,2025-09
2025-09-13 14:58:22,comment,2025-09
2025-09-13 13:00:26,comment,2025-09
2025-09-13 12:59:58,comment,2025-09
2025-09-13 09:20:11,comment,2025-09
2025-09-13 09:19:47,comment,2025-09
2025-09-13 02:02:13,comment,2025-09
2025-09-13 02:01:43,comment,2025-09
2025-09-12 23:59:24,comment,2025-09
2025-09-12 23:28:40,comment,2025-09
2025-09-12 23:27:29,comment,2025-09
2025-09-12 23:26:41,comment,2025-09
2025-09-12 23:15:24,comment,2025-09
2025-09-12 23:15:09,comment,2025-09
2025-09-12 23:14:49,comment,2025-09
2025-09-12 23:14:30,comment,2025-09
2025-09-12 22:24:17,comment,2025-09
2025-09-12 21:47:17,comment,2025-09
2025-09-12 19:29:50,comment,2025-09
2025-09-12 11:21:34,comment,2025-09
2025-09-11 19:48:40,comment,2025-09
2025-09-11 18:34:06,comment,2025-09
2025-09-11 12:05:31,comment,2025-09
2025-09-11 10:41:46,comment,2025-09
2025-09-11 10:37:44,comment,2025-09
2025-09-11 09:09:37,comment,2025-09
2025-09-10 23:38:06,comment,2025-09
2025-09-10 22:53:05,comment,2025-09
2025-09-10 22:11:56,comment,2025-09
2025-09-10 18:01:34,comment,2025-09
2025-09-10 18:00:57,comment,2025-09
2025-09-10 16:09:10,comment,2025-09
2025-09-10 14:12:10,comment,2025-09
2025-09-10 11:14:16,comment,2025-09
2025-09-10 08:51:38,comment,2025-09
2025-09-10 06:54:30,comment,2025-09
2025-09-10 01:09:04,comment,2025-09
2025-09-10 00:48:32,comment,2025-09
2025-09-10 00:04:21,comment,2025-09
2025-09-09 22:56:43,comment,2025-09
2025-09-09 22:37:27,comment,2025-09
2025-09-09 22:36:54,comment,2025-09
2025-09-09 22:36:22,comment,2025-09
2025-09-09 21:39:11,comment,2025-09
2025-09-09 21:38:06,comment,2025-09
2025-09-09 21:36:40,comment,2025-09
2025-09-09 10:49:45,comment,2025-09
2025-09-09 08:34:59,comment,2025-09
2025-09-08 23:34:01,comment,2025-09
2025-09-08 22:39:46,comment,2025-09
2025-09-08 20:05:05,comment,2025-09
2025-09-08 20:05:00,comment,2025-09
2025-09-08 14:47:49,comment,2025-09
2025-09-08 10:38:04,comment,2025-09
2025-09-08 10:37:18,comment,2025-09
2025-09-07 23:44:52,comment,2025-09
2025-09-07 18:53:40,comment,2025-09
2025-09-07 17:22:12,comment,2025-09
2025-09-07 15:55:57,comment,2025-09
2025-09-07 15:42:06,comment,2025-09
2025-09-07 14:52:47,comment,2025-09
2025-09-07 11:47:57,comment,2025-09
2025-09-07 11:37:42,comment,2025-09
2025-09-07 08:41:39,comment,2025-09
2025-09-07 08:37:22,comment,2025-09
2025-09-07 00:09:18,comment,2025-09
2025-09-06 15:45:12,comment,2025-09
2025-09-06 14:15:18,comment,2025-09
2025-09-06 14:14:56,comment,2025-09
2025-09-06 13:35:46,comment,2025-09
2025-09-06 13:35:36,comment,2025-09
2025-09-06 13:35:18,comment,2025-09
2025-09-06 13:35:11,comment,2025-09
2025-09-06 11:21:28,comment,2025-09
2025-09-06 11:18:27,comment,2025-09
2025-09-06 11:18:18,comment,2025-09
2025-09-06 10:25:15,comment,2025-09
2025-09-06 10:23:34,comment,2025-09
2025-09-06 09:58:28,comment,2025-09
2025-09-06 03:08:22,comment,2025-09
2025-09-05 23:06:40,comment,2025-09
2025-09-05 21:27:10,comment,2025-09
2025-09-05 21:02:19,comment,2025-09
2025-09-05 21:00:50,comment,2025-09
2025-09-05 21:00:29,comment,2025-09
2025-09-05 20:06:45,comment,2025-09
2025-09-05 20:04:52,comment,2025-09
2025-09-05 20:04:39,comment,2025-09
2025-09-05 19:04:48,comment,2025-09
2025-09-05 17:30:03,comment,2025-09
2025-09-05 17:01:52,comment,2025-09
2025-09-05 17:01:13,comment,2025-09
2025-09-05 17:00:43,comment,2025-09
2025-09-05 17:00:36,comment,2025-09
2025-09-05 16:11:08,comment,2025-09
2025-09-05 16:10:02,comment,2025-09
2025-09-05 16:08:48,comment,2025-09
2025-09-05 15:35:03,comment,2025-09
2025-09-05 15:28:21,comment,2025-09
2025-09-05 12:39:15,comment,2025-09
2025-09-04 20:18:35,comment,2025-09
2025-09-04 18:07:58,comment,2025-09
2025-09-04 10:01:23,comment,2025-09
2025-09-03 00:07:01,comment,2025-09
2025-09-02 23:32:20,comment,2025-09
2025-09-02 19:38:45,comment,2025-09
2025-09-02 19:18:55,comment,2025-09
2025-09-02 18:01:43,comment,2025-09
2025-09-02 14:20:03,comment,2025-09
2025-09-01 17:07:52,comment,2025-09
2025-08-31 16:38:30,comment,2025-08
2025-08-31 16:13:13,comment,2025-08
2025-08-30 23:15:05,comment,2025-08
2025-08-30 20:32:03,comment,2025-08
2025-08-30 20:31:43,comment,2025-08
2025-08-30 16:49:35,comment,2025-08
2025-08-30 14:51:00,comment,2025-08
2025-08-30 14:18:42,comment,2025-08
2025-08-30 10:50:38,comment,2025-08
2025-08-30 10:49:36,comment,2025-08
2025-08-30 10:49:13,comment,2025-08
2025-08-30 01:09:30,comment,2025-08
2025-08-30 01:09:04,comment,2025-08
2025-08-30 00:51:48,comment,2025-08
2025-08-30 00:51:14,comment,2025-08
2025-08-30 00:50:53,comment,2025-08
2025-08-30 00:05:40,comment,2025-08
2025-08-29 23:29:15,comment,2025-08
2025-08-29 23:28:47,comment,2025-08
2025-08-29 23:04:10,comment,2025-08
2025-08-29 23:03:57,comment,2025-08
2025-08-29 23:03:44,comment,2025-08
2025-08-29 23:03:37,comment,2025-08
2025-08-29 23:02:53,comment,2025-08
2025-08-29 23:02:46,comment,2025-08
2025-08-29 23:02:37,comment,2025-08
2025-08-29 17:43:59,comment,2025-08
2025-08-29 15:00:02,comment,2025-08
2025-08-29 14:59:46,comment,2025-08
2025-08-29 10:43:30,comment,2025-08
2025-08-28 18:00:56,comment,2025-08
2025-08-28 17:59:47,comment,2025-08
2025-08-28 14:04:27,comment,2025-08
2025-08-27 22:57:24,comment,2025-08
2025-08-27 22:38:31,comment,2025-08
2025-08-27 21:16:35,comment,2025-08
2025-08-27 21:16:11,comment,2025-08
2025-08-27 21:15:53,comment,2025-08
2025-08-27 15:00:33,comment,2025-08
2025-08-27 15:00:16,comment,2025-08
2025-08-27 15:00:07,comment,2025-08
2025-08-27 09:56:59,comment,2025-08
2025-08-27 09:54:26,comment,2025-08
2025-08-27 09:53:55,comment,2025-08
2025-08-27 01:26:06,comment,2025-08
2025-08-27 00:23:43,comment,2025-08
2025-08-27 00:23:30,comment,2025-08
2025-08-26 21:46:59,comment,2025-08
2025-08-26 20:45:53,comment,2025-08
2025-08-26 20:45:35,comment,2025-08
2025-08-26 15:23:12,comment,2025-08
2025-08-26 15:20:41,comment,2025-08
2025-08-26 15:20:14,comment,2025-08
2025-08-26 13:36:28,comment,2025-08
2025-08-26 10:35:59,comment,2025-08
2025-08-26 10:12:57,comment,2025-08
2025-08-26 10:10:10,comment,2025-08
2025-08-26 10:09:19,comment,2025-08
2025-08-26 10:08:46,comment,2025-08
2025-08-25 21:34:47,comment,2025-08
2025-08-25 19:30:16,comment,2025-08
2025-08-25 11:25:55,comment,2025-08
2025-08-25 10:02:59,comment,2025-08
2025-08-25 09:36:26,comment,2025-08
2025-08-25 09:34:57,comment,2025-08
2025-08-24 20:54:23,comment,2025-08
2025-08-24 20:10:31,comment,2025-08
2025-08-24 19:55:38,comment,2025-08
2025-08-24 19:13:54,comment,2025-08
2025-08-24 16:10:18,comment,2025-08
2025-08-24 16:09:40,comment,2025-08
2025-08-24 15:26:40,comment,2025-08
2025-08-24 14:01:46,comment,2025-08
2025-08-24 11:21:59,comment,2025-08
2025-08-24 10:55:57,comment,2025-08
2025-08-24 09:12:39,comment,2025-08
2025-08-24 09:11:20,comment,2025-08
2025-08-24 09:11:14,comment,2025-08
2025-08-24 01:06:27,comment,2025-08
2025-08-24 00:11:12,comment,2025-08
2025-08-23 20:22:19,comment,2025-08
2025-08-23 20:19:41,comment,2025-08
2025-08-23 20:16:35,comment,2025-08
2025-08-23 20:15:59,comment,2025-08
2025-08-23 16:20:09,comment,2025-08
2025-08-23 16:05:22,comment,2025-08
2025-08-23 15:19:09,comment,2025-08
2025-08-23 15:15:06,comment,2025-08
2025-08-23 14:19:13,comment,2025-08
2025-08-23 12:07:05,comment,2025-08
2025-08-23 12:04:57,comment,2025-08
2025-08-23 12:04:46,comment,2025-08
2025-08-23 10:47:27,comment,2025-08
2025-08-23 10:46:33,comment,2025-08
2025-08-23 09:21:54,comment,2025-08
2025-08-23 09:21:38,comment,2025-08
2025-08-23 09:20:58,comment,2025-08
2025-08-23 00:33:52,comment,2025-08
2025-08-22 23:54:06,comment,2025-08
2025-08-22 23:51:53,comment,2025-08
2025-08-22 23:02:58,comment,2025-08
2025-08-22 22:37:33,comment,2025-08
2025-08-22 22:37:05,comment,2025-08
2025-08-22 22:03:30,comment,2025-08
2025-08-22 20:41:58,comment,2025-08
2025-08-22 20:41:31,comment,2025-08
2025-08-22 19:50:14,comment,2025-08
2025-08-22 19:50:05,comment,2025-08
2025-08-21 21:50:16,comment,2025-08
2025-08-21 19:13:26,comment,2025-08
2025-08-21 15:01:25,comment,2025-08
2025-08-19 18:15:55,comment,2025-08
2025-08-19 18:15:28,comment,2025-08
2025-08-19 10:57:21,comment,2025-08
2025-08-19 00:27:32,comment,2025-08
2025-08-19 00:09:23,comment,2025-08
2025-08-18 22:01:56,comment,2025-08
2025-08-18 19:21:09,comment,2025-08
2025-08-18 09:40:34,comment,2025-08
2025-08-17 23:02:13,comment,2025-08
2025-08-17 22:06:36,comment,2025-08
2025-08-17 20:08:24,comment,2025-08
2025-08-16 12:48:43,comment,2025-08
2025-08-16 09:02:28,comment,2025-08
2025-08-15 13:42:26,comment,2025-08
2025-08-15 10:37:12,comment,2025-08
2025-08-15 00:54:35,comment,2025-08
2025-08-14 23:27:07,comment,2025-08
2025-08-14 23:26:40,comment,2025-08
2025-08-14 23:24:24,comment,2025-08
2025-08-12 20:56:28,comment,2025-08
2025-08-11 23:21:12,comment,2025-08
2025-08-11 13:52:26,comment,2025-08
2025-08-10 22:41:20,comment,2025-08
2025-08-10 01:07:43,comment,2025-08
2025-08-09 17:28:07,comment,2025-08
2025-08-09 16:29:27,comment,2025-08
2025-08-09 16:28:54,comment,2025-08
2025-08-09 16:26:35,comment,2025-08
2025-08-09 14:48:29,comment,2025-08
2025-08-09 09:35:00,comment,2025-08
2025-08-09 00:59:47,comment,2025-08
2025-08-08 22:29:56,comment,2025-08
2025-08-08 21:50:31,comment,2025-08
2025-08-08 18:45:56,comment,2025-08
2025-08-08 16:08:36,comment,2025-08
2025-08-08 12:27:10,comment,2025-08
2025-08-08 12:26:45,comment,2025-08
2025-08-07 23:09:21,comment,2025-08
2025-08-07 22:25:10,comment,2025-08
2025-08-07 22:12:54,comment,2025-08
2025-08-07 17:16:50,comment,2025-08
2025-08-07 12:27:59,comment,2025-08
2025-08-07 12:27:05,comment,2025-08
2025-08-07 10:14:21,comment,2025-08
2025-08-07 09:11:16,comment,2025-08
2025-08-07 09:10:47,comment,2025-08
2025-08-06 22:13:07,comment,2025-08
2025-08-06 20:49:38,comment,2025-08
2025-08-06 12:43:32,comment,2025-08
2025-08-05 17:52:14,comment,2025-08
2025-08-05 14:42:56,comment,2025-08
2025-08-05 08:52:09,comment,2025-08
2025-08-05 07:08:37,comment,2025-08
2025-08-05 07:04:38,comment,2025-08
2025-08-04 22:22:21,comment,2025-08
2025-08-04 21:30:44,comment,2025-08
2025-08-04 21:28:30,comment,2025-08
2025-08-02 16:33:34,comment,2025-08
2025-08-02 09:18:37,comment,2025-08
2025-08-02 07:47:24,comment,2025-08
2025-08-02 07:47:12,comment,2025-08
2025-08-01 21:57:52,comment,2025-08
2025-08-01 21:13:16,comment,2025-08
2025-08-01 21:12:52,comment,2025-08
2025-08-01 21:11:36,comment,2025-08
2025-08-01 20:48:16,comment,2025-08
2025-08-01 18:55:21,comment,2025-08
2025-08-01 18:55:05,comment,2025-08
2025-07-31 20:05:02,comment,2025-07
2025-07-31 13:04:12,comment,2025-07
2025-07-31 09:55:00,comment,2025-07
2025-07-30 23:06:53,comment,2025-07
2025-07-29 09:44:50,comment,2025-07
2025-07-29 09:43:45,comment,2025-07
2025-07-28 13:58:25,comment,2025-07
2025-07-28 07:36:20,comment,2025-07
2025-07-27 21:40:38,comment,2025-07
2025-07-27 18:57:46,comment,2025-07
2025-07-27 14:34:13,comment,2025-07
2025-07-27 13:16:06,comment,2025-07
2025-07-27 13:14:37,comment,2025-07
2025-07-27 13:14:26,comment,2025-07
2025-07-27 13:14:10,comment,2025-07
2025-07-26 22:10:22,comment,2025-07
2025-07-26 22:08:08,comment,2025-07
2025-07-26 18:14:57,comment,2025-07
2025-07-26 18:14:23,comment,2025-07
2025-07-26 15:01:41,comment,2025-07
2025-07-26 11:42:22,comment,2025-07
2025-07-26 11:35:04,comment,2025-07
2025-07-26 08:09:33,comment,2025-07
2025-07-25 21:22:26,comment,2025-07
2025-07-25 20:30:15,comment,2025-07
2025-07-25 18:51:10,comment,2025-07
2025-07-25 18:06:08,comment,2025-07
2025-07-25 17:53:09,comment,2025-07
2025-07-23 21:42:22,comment,2025-07
2025-07-23 14:43:13,comment,2025-07
2025-07-23 13:24:20,comment,2025-07
2025-07-17 23:32:41,comment,2025-07
2025-07-17 22:48:46,comment,2025-07
2025-07-17 22:48:31,comment,2025-07
2025-07-17 22:48:17,comment,2025-07
2025-07-03 23:39:41,comment,2025-07
2025-07-03 22:49:49,comment,2025-07
2025-07-03 22:45:41,comment,2025-07
2025-07-03 21:33:01,comment,2025-07
2025-07-03 21:20:03,comment,2025-07
2025-07-03 21:19:53,comment,2025-07
2025-07-03 21:19:29,comment,2025-07
2025-07-02 13:56:00,comment,2025-07
2025-07-01 23:44:07,comment,2025-07
2025-07-01 22:20:48,comment,2025-07
2025-07-01 21:52:59,comment,2025-07
2025-07-01 21:52:08,comment,2025-07
2025-07-01 21:21:14,comment,2025-07
2025-07-01 21:13:25,comment,2025-07
2025-07-01 21:13:12,comment,2025-07
2025-07-01 21:11:19,comment,2025-07
2025-07-01 20:51:37,comment,2025-07
2025-06-03 21:29:25,comment,2025-06
2025-06-03 18:59:41,comment,2025-06
2025-05-03 09:14:36,comment,2025-05
2025-05-02 23:31:45,comment,2025-05
2025-05-01 21:09:43,comment,2025-05
2025-05-01 21:09:02,comment,2025-05
2025-04-26 10:29:40,comment,2025-04
2025-04-20 21:29:52,comment,2025-04
2025-04-19 21:24:07,comment,2025-04
2025-04-19 21:23:52,comment,2025-04
2025-04-19 13:03:54,comment,2025-04
2025-04-17 12:09:19,comment,2025-04
2025-04-16 22:26:53,comment,2025-04
2025-04-16 21:52:05,comment,2025-04
2025-04-16 20:18:15,comment,2025-04
2025-04-16 20:17:18,comment,2025-04
2025-04-16 19:11:10,comment,2025-04
2025-04-16 19:10:39,comment,2025-04
2025-04-16 18:37:35,comment,2025-04
2025-04-15 06:07:24,comment,2025-04
2025-04-14 23:34:39,comment,2025-04
2025-04-14 22:59:13,comment,2025-04
2025-04-14 14:53:19,comment,2025-04
2025-04-11 18:42:49,comment,2025-04
2025-04-10 06:30:19,comment,2025-04
2025-04-09 23:34:43,comment,2025-04
2025-04-09 22:24:04,comment,2025-04
2025-04-07 17:30:37,comment,2025-04
2025-04-07 14:50:25,comment,2025-04
2025-04-07 12:59:37,comment,2025-04
2025-04-07 06:37:28,comment,2025-04
2025-04-07 00:20:28,comment,2025-04
2025-04-06 21:51:14,comment,2025-04
2025-04-06 21:11:27,comment,2025-04
2025-04-06 21:10:47,comment,2025-04
2025-04-06 21:10:12,comment,2025-04
2025-04-06 21:09:47,comment,2025-04
2025-04-06 21:09:26,comment,2025-04
2025-03-24 00:59:10,comment,2025-03
2025-03-23 00:17:03,comment,2025-03
2025-02-28 23:57:16,comment,2025-02
2025-02-28 23:56:17,comment,2025-02
2025-02-28 22:51:13,comment,2025-02
2025-02-28 22:09:33,comment,2025-02
2025-02-27 08:37:34,comment,2025-02
2025-02-27 01:37:50,comment,2025-02
2025-02-26 19:49:52,comment,2025-02
2025-02-26 19:44:19,comment,2025-02
2025-02-26 19:43:54,comment,2025-02
2025-02-26 18:50:41,comment,2025-02
2025-02-26 18:48:55,comment,2025-02
2025-02-26 18:48:24,comment,2025-02
2025-02-26 18:14:26,comment,2025-02
2025-02-20 19:57:28,comment,2025-02
2025-02-20 19:57:17,comment,2025-02
2025-02-18 20:54:53,comment,2025-02
2025-02-18 12:34:41,comment,2025-02
2025-02-18 07:11:27,comment,2025-02
2025-02-18 07:10:59,comment,2025-02
2025-02-17 21:39:09,comment,2025-02
2025-02-17 21:37:11,comment,2025-02
2025-02-17 21:24:37,comment,2025-02
2025-02-17 21:24:07,comment,2025-02
2025-02-17 21:23:23,comment,2025-02
2025-02-17 20:46:41,comment,2025-02
2025-02-17 20:46:18,comment,2025-02
2025-02-12 14:28:00,comment,2025-02
2025-02-12 11:14:15,comment,2025-02
2025-02-12 08:50:32,comment,2025-02
2025-02-11 22:34:30,comment,2025-02
2025-02-11 22:34:00,comment,2025-02
2025-02-06 00:20:59,comment,2025-02
2025-02-05 14:49:42,comment,2025-02
2025-02-05 13:52:49,comment,2025-02
2025-02-05 10:58:51,comment,2025-02
2025-02-05 10:58:31,comment,2025-02
2025-02-04 23:46:54,comment,2025-02
2025-02-04 22:51:46,comment,2025-02
2025-02-04 22:18:13,comment,2025-02
2025-02-04 22:17:17,comment,2025-02
2025-02-01 21:48:15,comment,2025-02
2025-02-01 20:35:41,comment,2025-02
2025-02-01 15:51:21,comment,2025-02
2025-02-01 10:45:12,comment,2025-02
2025-01-25 11:22:40,comment,2025-01
2025-01-25 09:18:03,comment,2025-01
2025-01-24 23:08:10,comment,2025-01
2025-01-24 22:58:33,comment,2025-01
2025-01-24 22:50:34,comment,2025-01
2025-01-24 22:24:23,comment,2025-01
2025-01-24 22:23:45,comment,2025-01
2025-01-24 22:23:26,comment,2025-01
2025-01-09 19:23:04,comment,2025-01
2025-01-04 21:17:19,comment,2025-01
2025-01-03 15:03:16,comment,2025-01
2025-01-03 11:11:07,comment,2025-01
2025-01-03 11:10:46,comment,2025-01
2025-01-03 11:09:48,comment,2025-01
2025-01-03 04:17:43,comment,2025-01
2025-01-03 04:00:53,comment,2025-01
2025-01-02 23:09:24,comment,2025-01
2025-01-02 22:21:39,comment,2025-01
2025-01-02 22:16:25,comment,2025-01
2025-01-02 22:15:57,comment,2025-01
2025-01-02 20:53:34,comment,2025-01
2025-01-02 20:45:49,comment,2025-01
2025-01-02 20:28:59,comment,2025-01
2025-01-02 20:28:18,comment,2025-01
2025-01-02 20:27:44,comment,2025-01
2025-01-02 20:24:53,comment,2025-01
2025-01-02 20:22:37,comment,2025-01
2025-01-02 20:08:24,comment,2025-01
2025-01-02 20:05:34,comment,2025-01
2025-01-02 19:53:55,comment,2025-01
2024-12-14 21:47:11,comment,2024-12
2024-12-14 19:26:40,comment,2024-12
2024-12-14 19:26:24,comment,2024-12
2024-12-14 09:29:06,comment,2024-12
2024-12-12 19:13:53,comment,2024-12
2024-12-10 13:56:18,comment,2024-12
2024-12-10 12:32:25,comment,2024-12
2024-12-10 11:31:48,comment,2024-12
2024-12-10 07:51:56,comment,2024-12
2024-12-10 07:46:57,comment,2024-12
2024-12-10 07:26:24,comment,2024-12
2024-12-10 07:25:16,comment,2024-12
2024-12-10 00:11:24,comment,2024-12
2024-12-10 00:08:21,comment,2024-12
2024-12-09 23:05:52,comment,2024-12
2024-12-09 22:58:19,comment,2024-12
2024-12-09 22:45:30,comment,2024-12
2024-12-09 22:34:50,comment,2024-12
2024-12-09 22:33:43,comment,2024-12
2024-12-09 22:26:45,comment,2024-12
2024-12-09 22:12:23,comment,2024-12
2024-12-09 22:10:34,comment,2024-12
