date,type,title,month
2026-05-01 12:15:32,reel,,2026-05
2026-04-10 09:31:31,reel,,2026-04
2026-03-31 10:43:53,reel,,2026-03
2026-03-30 21:00:49,reel,,2026-03
2026-03-26 11:06:14,reel,,2026-03
2026-03-24 20:56:49,reel,,2026-03
2026-03-23 15:08:38,reel,,2026-03
2026-03-20 22:24:32,reel,,2026-03
2026-03-17 20:05:14,reel,,2026-03
2026-03-10 21:15:13,reel,,2026-03
2026-03-09 22:23:09,reel,,2026-03
2026-03-03 22:20:56,reel,,2026-03
2026-02-25 19:57:44,reel,,2026-02
2026-02-20 22:27:20,reel,,2026-02
2026-02-19 06:20:55,reel,,2026-02
2026-02-16 22:30:12,reel,,2026-02
2026-02-14 21:37:22,reel,,2026-02
2026-02-12 15:05:50,reel,,2026-02
2026-01-29 13:19:03,reel,,2026-01
2026-01-23 21:21:43,reel,,2026-01
2026-01-21 12:49:25,reel,,2026-01
2026-01-16 22:00:16,reel,,2026-01
2026-01-11 22:22:46,reel,,2026-01
2025-12-31 16:20:16,reel,,2025-12
2025-12-29 21:00:44,reel,,2025-12
2025-12-18 11:36:45,reel,,2025-12
2025-12-15 16:33:19,reel,,2025-12
2025-12-06 15:59:52,reel,,2025-12
2025-11-28 15:16:12,reel,,2025-11
2025-11-16 14:21:42,reel,,2025-11
2025-11-14 15:12:08,reel,,2025-11
2025-11-10 15:45:36,reel,,2025-11
2025-10-31 21:22:55,reel,,2025-10
2025-10-23 22:37:39,reel,,2025-10
2025-10-22 12:01:35,reel,,2025-10
2025-10-16 19:39:32,reel,,2025-10
2025-10-11 13:02:26,reel,,2025-10
2025-10-03 18:08:42,reel,,2025-10
2025-09-29 22:51:49,reel,,2025-09
2025-09-26 21:06:33,reel,,2025-09
2025-09-22 20:58:45,reel,,2025-09
2025-09-19 21:36:06,reel,,2025-09
2025-09-12 22:08:06,reel,,2025-09
2025-09-09 20:59:22,reel,,2025-09
2025-09-05 15:21:08,reel,,2025-09
2025-08-29 20:48:36,reel,,2025-08
2025-08-22 18:14:14,reel,,2025-08
2025-08-21 19:01:17,reel,,2025-08
2025-08-17 19:56:58,reel,,2025-08
2025-08-15 22:22:09,reel,,2025-08
2025-08-14 22:14:43,reel,,2025-08
2025-08-09 15:15:57,reel,,2025-08
2025-08-08 15:29:16,reel,,2025-08
2025-08-07 18:03:48,reel,,2025-08
2025-08-06 21:05:59,reel,,2025-08
2025-08-04 20:48:49,reel,,2025-08
2025-07-27 10:07:11,reel,,2025-07
2025-07-26 11:30:15,reel,,2025-07
2025-07-25 17:36:51,reel,,2025-07
2025-07-03 20:47:02,reel,,2025-07
2025-07-01 20:29:41,reel,,2025-07
2025-05-02 22:39:57,reel,,2025-05
2025-04-19 11:59:07,reel,,2025-04
2025-04-16 18:30:18,reel,,2025-04
2025-04-06 20:34:23,reel,,2025-04
2025-02-28 21:46:01,reel,,2025-02
2025-02-26 18:09:42,reel,,2025-02
2025-02-20 18:35:17,reel,,2025-02
2025-02-17 20:28:00,reel,,2025-02
2025-02-11 21:17:24,reel,,2025-02
2025-02-04 20:54:14,reel,,2025-02
2025-01-24 21:55:27,reel,,2025-01
2025-01-02 19:48:12,reel,,2025-01
2024-12-09 21:57:05,reel,,2024-12
